Name,trigger,overlord_bark,hud_line,control,sources
Prompts_01_FirstSightGranary,FirstSight.Granary,"Their whole winter, goblin, stacked in one shed and guarded like a crown. Unstack it.",Granary — burn it. One of your three burn targets. Torch toss: Q.,Q,GDD§2.8#2 GDD§2.8#3 GDD§2.1#1 GDD§2.3#1
Prompts_02_FirstSightWheatField,FirstSight.WheatField,"Look at all that ripe, well-fed smugness. One spark, and it walks the rows on its own.",Wheat field — fire spreads row to row. One of your three burn targets. Torch toss: Q.,Q,GDD§2.8#2 GDD§2.8#3 GDD§2.1#1 GDD§2.3#1
Prompts_03_FirstSightWindmill,FirstSight.Windmill,"The county's proudest silhouette, turning away up there. Put a torch to her frame.",Windmill — torch the frame to set it Ablaze. Torch toss: Q.,Q,GDD§2.8#2 GDD§2.8#3 GDD§2.3#1
Prompts_04_WindmillStage1Ablaze,Windmill.Stage1Ablaze,"Her skin's alight, goblin, but it's the dust in her belly that'll bring her down — put fire through a window.",Windmill: Ablaze — needs a window shot. Aimed torch: Q.,Q,GDD§2.8#2 GDD§2.8#4 GDD§2.3#1
Prompts_05_FirstSightPatrol,FirstSight.Patrol,Torches in the trees. Fold yourself into the hedge — a hamlet that suspects nothing keeps napping.,Patrol ahead — break their sightline to stay unconfirmed. Crouch.,Crouch,GDD§2.4#1 GDD§2.4#2 GDD§2.6#1 GDD§2.8#4
Prompts_06_FirstSightUnawareGuard,FirstSight.UnawareGuard,Behind him. Closer. He is thinking about his supper. Let that be the last thing he does.,Unaware human — take him down in silence. Hold E behind him.,Hold E,GDD§2.4#1 GDD§2.4#2 GDD§2.3#1 GDD§2.8#4
Prompts_07_FirstSightCivilianUnarmed,FirstSight.CivilianUnarmed,"Don't spill her, goblin. Rope her. A corpse is a tantrum; a prisoner is tribute.",Unarmed civilian — bind for a captive instead of a corpse. Hold E.,Hold E,GDD§2.4#1 GDD§2.6#2 GDD§2.7#3 GDD§2.8#4
Prompts_08_FirstSightWarHorn,FirstSight.WarHorn,"Enough creeping. Blow, and hear my children come out of the trees for you.",War-horn — 3–4 goblins sprint in from the treeline. Blow: G.,G,GDD§2.5#0 GDD§2.3#1 GDD§2.8#4
Prompts_09_FirstSightLivestockPen,FirstSight.LivestockPen,"Their wealth has trotters, goblin. Send a lad — he'll chase it down and carry it home on his back.",Pig in the pen — a goblin couriers it home for 40 loot. Point.,Point,GDD§2.5#0 GDD§2.7#0 GDD§2.8#2 GDD§2.8#4
